component,explained_variance_ratio,train_mean,test_mean,train_std,test_std,ks_statistic
1,0.11314916361392213,-0.004624254913447524,-0.0022617052712647057,0.20487378872716364,0.2068955577392686,0.010574918081620477
2,0.044057339450721544,0.0028542701715655937,-0.0013964046495145396,0.12956841488772486,0.12854397540388696,0.021596663687816542
3,0.04152573515693958,-0.0013316590026284198,-0.0015329773225919814,0.12460855693023898,0.12553299596677991,0.016234733392910372
4,0.032004143695144184,0.0007258950313584314,8.770885410148643e-05,0.10912887101517693,0.11070251916230384,0.012362228179922496
5,0.026378457257227796,-0.001981432775779874,-0.0014783370053726857,0.09787277922985338,0.10006221402030903,0.01161751563896335
6,0.024796612191791256,-0.0011926527305902304,8.433781874296068e-05,0.09575524824771342,0.09565975340935264,0.011170688114387872
7,0.02040403773562253,0.0015448150486077291,-0.0017495354505225914,0.08596572977743601,0.0883651225732151,0.025022341376228774
8,0.01829153672515929,0.0010022978144573374,-0.00013267580696641528,0.08281819855935255,0.08360058907339098,0.01638367590110218
9,0.01771765141491992,3.677974981878108e-05,-0.0020416679517754914,0.0811651070484152,0.08238944247088999,0.01831992850759606
10,0.015985101713317053,0.001063252925145891,0.003743827789299327,0.07720273386973257,0.07655750814907065,0.01861781352397973
