sha256,train_id,test_id,train_path,test_path,train_question,test_question,question_exact_match
7f2fe012495ae19395613c8916c3e6ce3cdd1d6484275ead436ccea531555093,train_0236.jpg,test_3865.jpg,data/train/train_0236.jpg,data/test/test_3865.jpg,PAYCO 포인트로 결제할 때 받을 수 있는 최대 혜택 금액은 얼마인가요?,PAYCO 포인트로 결제 시 받을 수 있는 최대 혜택 금액은 얼마인가요?,False
abae6afc39b019af5fcdc1bc510bbd84da8a6138432838596d55e97aad551e44,train_0316.jpg,test_6018.jpg,data/train/train_0316.jpg,data/test/test_6018.jpg,"광고 문구 중 '종착역이 아닌 새로운 시작, 영웅 시대는 지금부터다!'가 적힌 곳은 무엇을 홍보하는 광고인가요?",광고에 나온 'IM HERO' 앨범과 관련된 문구 중 옳은 것은 무엇인가요?,False
28083c0e8a8151f88e37c56685e813626eafcd3b21cd0c1f495b38b2a28168de,train_0383.jpg,test_2638.jpg,data/train/train_0383.jpg,data/test/test_2638.jpg,이 건물 외벽에 적혀 있는 브랜드 이름이 아닌 것은 무엇인가요?,이 건물 외벽에 있는 상호명 중 빨간색으로 적힌 브랜드는 무엇인가요?,False
e9782e1ed0e84c286fe813730d0382eb248958dbcf6d652fc81609b8734e5be9,train_0731.jpg,test_6565.jpg,data/train/train_0731.jpg,data/test/test_6565.jpg,이 표지판에 적힌 도로명은 무엇인가요?,이 육교 승강기의 위치는 어디인가요?,False
a6a70287b56f17060941d33a23376e5ea94ccd92cdd3c03c98ad8b6c18ee1e6d,train_0748.jpg,test_5875.jpg,data/train/train_0748.jpg,data/test/test_5875.jpg,코로나 확산방지를 위해 승강기 이용 시 지켜야 할 내용으로 맞는 것은 무엇인가요?,코로나 확산방지를 위해 승강기 내에서 지켜야 할 사항으로 올바른 것은 무엇인가요?,False
e92bfb3931bb1d14006a57701baab106f4d3e9fe0c3097450cf8a11cf6be0eab,train_0876.jpg,test_6265.jpg,data/train/train_0876.jpg,data/test/test_6265.jpg,"사진 속 문에 붙어 있는 안내문에 따르면, 비상구를 이용할 때 어떤 문을 이용해야 하나요?",이 문에 붙어 있는 안내문에 따르면 비상구를 이용할 때 어떤 문을 이용해야 하나요?,False
935a5201be8d0d3603a32ee2d8198b608cbc29416f7ab65261df5d38007b3de5,train_1382.jpg,test_4511.jpg,data/train/train_1382.jpg,data/test/test_4511.jpg,이 안내문에 따르면 전기설비 정기점검은 언제부터 시작되나요?,이 안내문에 따르면 전기설비 정기점검으로 인해 매장에서 이용할 수 없는 서비스는 무엇인가요?,False
5693374c98cb8406296ab43dcd072405a834b643acb2a9b919ec85730c700101,train_1532.jpg,test_1178.jpg,data/train/train_1532.jpg,data/test/test_1178.jpg,이 도로 표지판에 적힌 도로 이름은 무엇인가요?,사진 속 도로 표지판에 적힌 '우산로'의 영어 표기는 무엇인가요?,False
bf8cb2c022732b9fc0ba752f147b5800b22f68282e1cddfab0ed5076d0891de1,train_1852.jpg,test_0480.jpg,data/train/train_1852.jpg,data/test/test_0480.jpg,화장실 물이 노란 이유는 무엇 때문인가요?,화장실 물이 노란 이유는 무엇인가요?,False
bc0f18b25cc45b9448358e7e5e37b40be79346793ee4364114a95be6cbb5e4ed,train_2165.jpg,test_4113.jpg,data/train/train_2165.jpg,data/test/test_4113.jpg,"이 가게에서 커피맛집 메뉴 중 가격이 2,000원인 음료는 무엇인가요?",닭김밥 커피맛집에서 아메리카노 가격은 얼마인가요?,False
00af2b386377bdd6ed8fe2af3d9ff00488c5efd36f52eac4410edccaa38da29a,train_2658.jpg,test_1023.jpg,data/train/train_2658.jpg,data/test/test_1023.jpg,이 건물 외벽에 적힌 타이어 브랜드는 무엇인가요?,이 건물에 광고된 타이어 브랜드는 무엇인가요?,False
c7c49db94f673be31f68faadae4ebdb6db878f58f09be2f2a04f5769808efd2c,train_2951.jpg,test_2198.jpg,data/train/train_2951.jpg,data/test/test_2198.jpg,이 과자의 이름은 무엇인가요?,이 사탕 봉지에 적힌 제품명은 무엇인가요?,False
3a186ad405a3228e7bf5a3551339a746410755d73a74731f8377ca41cbe6b7d8,train_3151.jpg,test_0933.jpg,data/train/train_3151.jpg,data/test/test_0933.jpg,AI 강의 II의 8월 일정 안내에서 AI 자기주도 학습 시간에 대해 설명한 내용은 무엇인가요?,"AI 강의 II 8월 일정 안내에 따르면, AI 자기주도 학습 시간에는 무엇을 하도록 권장하고 있나요?",False
348223c3cb0cd31edbb3c6431aa39352b398c8bd3331237efd8dacdc90ef44cc,train_4205.jpg,test_0611.jpg,data/train/train_4205.jpg,data/test/test_0611.jpg,이 노란색 배송차량에 적힌 문구 중 올바른 내용은 무엇인가요?,이 노란색 배송 트럭에 적힌 문구 중 올바른 것은 무엇인가요?,False
0004b379032159aee4036589a6a8fce7286ba9424ee11c4da439f40ed6a3e045,train_5138.jpg,test_1652.jpg,data/train/train_5138.jpg,data/test/test_1652.jpg,이 상자에 적힌 제품 이름은 무엇인가요?,이 상자에 적힌 글자는 무엇인가요?,False
a25bbc557ce32c3b511eccd8e7415b5b6d4dff11aabba9a5413f1d89dd388260,train_5174.jpg,test_6123.jpg,data/train/train_5174.jpg,data/test/test_6123.jpg,사진 속 문구 'PUSH 미세요'는 문을 어떻게 열어야 한다고 안내하고 있나요?,이 문구는 문을 어떻게 열어야 하는지 알려주고 있습니다. 문을 여는 방법은 무엇인가요?,False
faa9e7654afb7b6d7fcb270c589c605203f9a62c7be0b5737f01f19642bf2319,train_5432.jpg,test_1188.jpg,data/train/train_5432.jpg,data/test/test_1188.jpg,사진 속 안내문에서 '양(미)'가 나타내는 시간은 언제인가요?,"이미지 속 안내문에 따르면, 양(미)띠 사람들은 어떤 성격을 가지고 있나요?",False
52ee87a7ec08b4f9019c0f4a0703fccef8d911bda45807300aed23b6afc082c7,train_5494.jpg,test_5079.jpg,data/train/train_5494.jpg,data/test/test_5079.jpg,이 사진에 보이는 가장 큰 건물의 상호명은 무엇인가요?,이 사진에 보이는 가장 큰 빌딩 이름은 무엇인가요?,False
7e150adf5fc884008eae10adb9c73c6dde1e13ca8d426c4e58bb589089cf9f18,train_5592.jpg,test_5573.jpg,data/train/train_5592.jpg,data/test/test_5573.jpg,이 주문권에 적힌 주문번호는 무엇인가요?,이 주문권에서 주문한 상품명은 무엇인가요?,False
bb47406cdf065f60a4bacf40878d6f7a48052209491bb48125bdeed287d24808,train_6175.jpg,test_4329.jpg,data/train/train_6175.jpg,data/test/test_4329.jpg,이 사진 속 안내 표지판에 적힌 영어 단어는 무엇인가요?,이 역사의 안내 표지판에 적힌 'EXIT' 표시는 어떤 의미인가요?,False
6b71f64e09cf71c61eb904930644b66c4997904ae1bdc3061482f3830dd53b13,train_6182.jpg,test_6101.jpg,data/train/train_6182.jpg,data/test/test_6101.jpg,이 이미지에 보이는 '청년잡 성장 프로젝트' 안내문에 포함된 프로그램이 아닌 것은 무엇인가요?,이 이미지에 보이는 '굿모닝 백아이안과의원' 안내문에 적힌 전화번호는 무엇인가요?,False
45b5d32b6b7cd645cebbebeeb6bd581240d6a666862e218afd1e07d6af3be008,train_6410.jpg,test_4101.jpg,data/train/train_6410.jpg,data/test/test_4101.jpg,사진에 보이는 편의점 간판에 적힌 문구는 무엇인가요?,사진 속 편의점 이름은 무엇인가요?,False
22ed00964ee52e89e647043c985d0b4914eedea65cfe829155d7fc1149ff8ab5,train_6564.jpg,test_5052.jpg,data/train/train_6564.jpg,data/test/test_5052.jpg,이 도로 표지판에 적힌 도로 이름은 무엇인가요?,이 도로 표지판에 적힌 도로 이름은 무엇인가요?,True
bf313c8f90a9daf2223eaa58a406804ecb8d2beeb6377eb6a1abaf02705883ad,train_6676.jpg,test_4971.jpg,data/train/train_6676.jpg,data/test/test_4971.jpg,이 사진에 보이는 간판 중 '키즈 노래타운'이 위치한 층은 어디인가요?,사진 속 노란색 간판에 적힌 노래방 이름은 무엇인가요?,False
