group,sha256,count,splits,ids,paths
1,4766c01f493d8d5feb7e31988ea74d1d7036ca1fe626440949b51375ede61089,2,train:2,train_0214.jpg;train_2457.jpg,data/train/train_0214.jpg;data/train/train_2457.jpg
2,08dd45ae29c9a01a75a7cc46ba52df4f46e267647400e618538ebd8ee11e5383,2,train:2,train_0217.jpg;train_6393.jpg,data/train/train_0217.jpg;data/train/train_6393.jpg
3,7f2fe012495ae19395613c8916c3e6ce3cdd1d6484275ead436ccea531555093,2,test:1;train:1,train_0236.jpg;test_3865.jpg,data/train/train_0236.jpg;data/test/test_3865.jpg
4,abae6afc39b019af5fcdc1bc510bbd84da8a6138432838596d55e97aad551e44,2,test:1;train:1,train_0316.jpg;test_6018.jpg,data/train/train_0316.jpg;data/test/test_6018.jpg
5,12b4c8ecd54a0adef78cf60ae005d54923488e1739dea94399a570e04fa695c6,2,dev:1;train:1,train_0327.jpg;dev_0123.jpg,data/train/train_0327.jpg;data/dev/dev_0123.jpg
6,28083c0e8a8151f88e37c56685e813626eafcd3b21cd0c1f495b38b2a28168de,2,test:1;train:1,train_0383.jpg;test_2638.jpg,data/train/train_0383.jpg;data/test/test_2638.jpg
7,8c4786f51d34c195f090571948b9ca42776b98a19528f92b91ab98c901a5f717,2,train:2,train_0604.jpg;train_3168.jpg,data/train/train_0604.jpg;data/train/train_3168.jpg
8,e9782e1ed0e84c286fe813730d0382eb248958dbcf6d652fc81609b8734e5be9,2,test:1;train:1,train_0731.jpg;test_6565.jpg,data/train/train_0731.jpg;data/test/test_6565.jpg
9,a6a70287b56f17060941d33a23376e5ea94ccd92cdd3c03c98ad8b6c18ee1e6d,2,test:1;train:1,train_0748.jpg;test_5875.jpg,data/train/train_0748.jpg;data/test/test_5875.jpg
10,e92bfb3931bb1d14006a57701baab106f4d3e9fe0c3097450cf8a11cf6be0eab,2,test:1;train:1,train_0876.jpg;test_6265.jpg,data/train/train_0876.jpg;data/test/test_6265.jpg
11,07970bf86b88ded89d51fe005965f1e78dba1c709dbdf1ce7b694bb22e1e1876,2,train:2,train_1124.jpg;train_3088.jpg,data/train/train_1124.jpg;data/train/train_3088.jpg
12,82e53b39251ce25d5549f09af13391d6e72814dbebb4b18257e253a4e909a8a2,2,train:2,train_1223.jpg;train_5254.jpg,data/train/train_1223.jpg;data/train/train_5254.jpg
13,935a5201be8d0d3603a32ee2d8198b608cbc29416f7ab65261df5d38007b3de5,2,test:1;train:1,train_1382.jpg;test_4511.jpg,data/train/train_1382.jpg;data/test/test_4511.jpg
14,5693374c98cb8406296ab43dcd072405a834b643acb2a9b919ec85730c700101,2,test:1;train:1,train_1532.jpg;test_1178.jpg,data/train/train_1532.jpg;data/test/test_1178.jpg
15,4e12f03382ac9b974283a3b576ddae3ee9e73ea51294bfc3d310aafdb6c2cd76,2,train:2,train_1842.jpg;train_6678.jpg,data/train/train_1842.jpg;data/train/train_6678.jpg
16,bf8cb2c022732b9fc0ba752f147b5800b22f68282e1cddfab0ed5076d0891de1,2,test:1;train:1,train_1852.jpg;test_0480.jpg,data/train/train_1852.jpg;data/test/test_0480.jpg
17,bc0f18b25cc45b9448358e7e5e37b40be79346793ee4364114a95be6cbb5e4ed,2,test:1;train:1,train_2165.jpg;test_4113.jpg,data/train/train_2165.jpg;data/test/test_4113.jpg
18,e2260d3bc978026fc8aa148e1a0122f53be5e9f30c81ca57215581bdd2ca0729,2,train:2,train_2428.jpg;train_4679.jpg,data/train/train_2428.jpg;data/train/train_4679.jpg
19,00af2b386377bdd6ed8fe2af3d9ff00488c5efd36f52eac4410edccaa38da29a,2,test:1;train:1,train_2658.jpg;test_1023.jpg,data/train/train_2658.jpg;data/test/test_1023.jpg
20,c7c49db94f673be31f68faadae4ebdb6db878f58f09be2f2a04f5769808efd2c,2,test:1;train:1,train_2951.jpg;test_2198.jpg,data/train/train_2951.jpg;data/test/test_2198.jpg
21,3a186ad405a3228e7bf5a3551339a746410755d73a74731f8377ca41cbe6b7d8,2,test:1;train:1,train_3151.jpg;test_0933.jpg,data/train/train_3151.jpg;data/test/test_0933.jpg
22,348223c3cb0cd31edbb3c6431aa39352b398c8bd3331237efd8dacdc90ef44cc,2,test:1;train:1,train_4205.jpg;test_0611.jpg,data/train/train_4205.jpg;data/test/test_0611.jpg
23,5577c67d5004097062a636109ea96f6abcce2ca04d2a6a1c4429fc83e0b30c41,2,dev:1;train:1,train_5048.jpg;dev_2517.jpg,data/train/train_5048.jpg;data/dev/dev_2517.jpg
24,0004b379032159aee4036589a6a8fce7286ba9424ee11c4da439f40ed6a3e045,2,test:1;train:1,train_5138.jpg;test_1652.jpg,data/train/train_5138.jpg;data/test/test_1652.jpg
25,a25bbc557ce32c3b511eccd8e7415b5b6d4dff11aabba9a5413f1d89dd388260,2,test:1;train:1,train_5174.jpg;test_6123.jpg,data/train/train_5174.jpg;data/test/test_6123.jpg
26,faa9e7654afb7b6d7fcb270c589c605203f9a62c7be0b5737f01f19642bf2319,2,test:1;train:1,train_5432.jpg;test_1188.jpg,data/train/train_5432.jpg;data/test/test_1188.jpg
27,28f4768a3eec5044c7dc472ec542da6b5199aa1d8e7905286fc92e8288b6d768,2,dev:1;train:1,train_5449.jpg;dev_1081.jpg,data/train/train_5449.jpg;data/dev/dev_1081.jpg
28,52ee87a7ec08b4f9019c0f4a0703fccef8d911bda45807300aed23b6afc082c7,2,test:1;train:1,train_5494.jpg;test_5079.jpg,data/train/train_5494.jpg;data/test/test_5079.jpg
29,7e150adf5fc884008eae10adb9c73c6dde1e13ca8d426c4e58bb589089cf9f18,2,test:1;train:1,train_5592.jpg;test_5573.jpg,data/train/train_5592.jpg;data/test/test_5573.jpg
30,bb47406cdf065f60a4bacf40878d6f7a48052209491bb48125bdeed287d24808,2,test:1;train:1,train_6175.jpg;test_4329.jpg,data/train/train_6175.jpg;data/test/test_4329.jpg
31,6b71f64e09cf71c61eb904930644b66c4997904ae1bdc3061482f3830dd53b13,2,test:1;train:1,train_6182.jpg;test_6101.jpg,data/train/train_6182.jpg;data/test/test_6101.jpg
32,45b5d32b6b7cd645cebbebeeb6bd581240d6a666862e218afd1e07d6af3be008,2,test:1;train:1,train_6410.jpg;test_4101.jpg,data/train/train_6410.jpg;data/test/test_4101.jpg
33,22ed00964ee52e89e647043c985d0b4914eedea65cfe829155d7fc1149ff8ab5,2,test:1;train:1,train_6564.jpg;test_5052.jpg,data/train/train_6564.jpg;data/test/test_5052.jpg
34,bf313c8f90a9daf2223eaa58a406804ecb8d2beeb6377eb6a1abaf02705883ad,2,test:1;train:1,train_6676.jpg;test_4971.jpg,data/train/train_6676.jpg;data/test/test_4971.jpg
35,0f4e34e08abd786b5d4f827e61d7913bd0347389b60ed593407b5356f829e0c2,2,test:2,test_0558.jpg;test_3536.jpg,data/test/test_0558.jpg;data/test/test_3536.jpg
36,69ab39699448e3fc90bfce4ba720e340d82de76fbe4568d38289411848e274a6,2,test:2,test_0603.jpg;test_1582.jpg,data/test/test_0603.jpg;data/test/test_1582.jpg
37,da09af4592f2db5af80c75e59ea8a45785541d421a332d525b79aef76a9c0cda,2,test:2,test_1050.jpg;test_5869.jpg,data/test/test_1050.jpg;data/test/test_5869.jpg
38,d0a4377b35cf75af29a7c94d71b270c7b3ff818a8635a987a48e45b78b070e43,2,test:2,test_1381.jpg;test_2718.jpg,data/test/test_1381.jpg;data/test/test_2718.jpg
39,c5ea87f6b1c533ef8f416d716d4d61a3dcca3e6553bc27fba6c621e75e26384a,2,test:2,test_1792.jpg;test_6400.jpg,data/test/test_1792.jpg;data/test/test_6400.jpg
40,3c0243d8fb601d99326b48a1ef9dee15ce26d05138b1d9ec8cd593f6361d6f26,2,test:2,test_1899.jpg;test_3486.jpg,data/test/test_1899.jpg;data/test/test_3486.jpg
41,478ec68f702d492f7dcfa6dd99f7c0e546520ea2469c0047001d6acfc5b332df,2,test:2,test_3836.jpg;test_4376.jpg,data/test/test_3836.jpg;data/test/test_4376.jpg
42,bf420765e9f46c127c6b3de86c4cca54601b9b2ecbe9178ec613874548330f09,2,dev:1;test:1,test_4084.jpg;dev_0171.jpg,data/test/test_4084.jpg;data/dev/dev_0171.jpg
43,88b3a7177ad9493d1d480b42e6d7601657907140154dedd44a849d73901376fe,2,dev:1;test:1,test_6319.jpg;dev_2046.jpg,data/test/test_6319.jpg;data/dev/dev_2046.jpg
44,bfcdf4006ebcd0faa0565ea21002844d1f32fd7845918c8cf131b40cea8db590,2,dev:1;test:1,test_6332.jpg;dev_2080.jpg,data/test/test_6332.jpg;data/dev/dev_2080.jpg
45,87e9272429cd0e716fded53fb7e98d5f10a687f5d6addee5638a037ccc47f375,2,dev:1;test:1,test_6563.jpg;dev_1580.jpg,data/test/test_6563.jpg;data/dev/dev_1580.jpg
