metric,split,count,mean,std,min,p25,median,p75,max
width,train,6714,800.2667560321715,166.53180874801072,720.0,720.0,720.0,779.0,3033.0
width,test,6714,798.7946082812034,164.877072222181,720.0,720.0,720.0,720.0,3394.0
height,train,6714,923.1526660708967,168.94390571079418,720.0,720.0,960.0,960.0,2054.0
height,test,6714,921.3324396782842,167.5570752122767,720.0,720.0,960.0,960.0,3103.0
megapixels,train,6714,0.7224619839142092,0.11074250105023388,0.5184,0.6912,0.6912,0.6912,2.18376
megapixels,test,6714,0.7200914745308312,0.11043794262408904,0.5184,0.6912,0.6912,0.6912,2.44368
aspect_ratio,train,6714,0.915437559908576,0.34035396859538425,0.3505355404089581,0.75,0.75,1.0819444444444444,4.2125
aspect_ratio,test,6714,0.9144638465970543,0.33677047671997024,0.2320335159523042,0.75,0.75,1.0,4.713888888888889
file_bytes,train,6714,111065.45740244265,38976.06112746789,20863.0,83160.0,107360.5,134162.5,343776.0
file_bytes,test,6714,110867.21209413167,39395.59909912858,16717.0,82778.75,106709.5,133577.5,441728.0
jpeg_bytes_per_pixel,train,6714,0.15434626225507822,0.050683262642180364,0.0268548553187107,0.11750795717592585,0.1508695023148148,0.18715928819444438,0.3890046296296296
jpeg_bytes_per_pixel,test,6714,0.1544640783415905,0.050902896594235615,0.024185474537037,0.11828559027777771,0.1510988136574074,0.18660879629629623,0.3774725115740741
brightness,train,6714,0.47497957860310236,0.09716265400819697,0.0393266677856445,0.4240524619817734,0.48110346496105194,0.5356073826551437,0.9759209752082824
brightness,test,6714,0.47205744967439417,0.09544367338234808,0.0435100905597209,0.4238490611314773,0.4767419844865799,0.5305242836475372,0.9703984260559082
contrast,train,6714,0.21613859957528497,0.041092479928485845,0.0382710769772529,0.19099178537726397,0.21677092462778091,0.24274713918566704,0.4248479902744293
contrast,test,6714,0.21768821319434786,0.042080939344891446,0.0211919024586677,0.19132941961288444,0.2190831825137138,0.24568434432148928,0.3852491080760956
red_mean,train,6714,0.48703412950706954,0.10229431398409353,0.043370708823204,0.42940533161163325,0.49238450825214386,0.5541876554489136,0.9768535494804382
red_mean,test,6714,0.48472546585934,0.10039180707419978,0.0415081121027469,0.4297635108232498,0.4889310598373413,0.5493016391992569,0.9704014658927916
green_mean,train,6714,0.4724609834955723,0.09953800890934587,0.0264201220124959,0.42193125933408737,0.4790791720151901,0.5346910357475281,0.9756309390068054
green_mean,test,6714,0.4692618741992598,0.09771498607522364,0.0435061939060688,0.41876840591430664,0.4757085889577865,0.5299762934446335,0.9704411625862122
blue_mean,train,6714,0.4561198659847794,0.10629360122237877,0.0062486887909471,0.39398501068353653,0.4619843065738678,0.5239586681127548,0.9753665328025818
blue_mean,test,6714,0.45303076654195445,0.10556799126531831,0.0171139016747474,0.39102506637573237,0.45831412076950073,0.5203637927770615,0.970363199710846
red_std,train,6714,0.22310657487748847,0.04410084815325503,0.038850225508213,0.19508523866534233,0.22418311983346934,0.2522113919258117,0.4305977821350097
red_std,test,6714,0.22526174296350585,0.04514556674154705,0.0214679036289453,0.19764497876167292,0.2272132039070129,0.25461194664239883,0.3922022879123688
green_std,train,6714,0.2198470309215809,0.041581202366308107,0.0379716232419014,0.19420516490936274,0.22071757912635798,0.24672025442123413,0.4255494475364685
green_std,test,6714,0.2212400923643704,0.042543582781901346,0.0211530160158872,0.19464984536170954,0.22309779375791544,0.24902064725756642,0.3854352235794067
blue_std,train,6714,0.22451693134585998,0.045217314642633635,0.0362963676452636,0.19579637423157686,0.2255637869238853,0.2543792501091957,0.4185060262680053
blue_std,test,6714,0.22524417449473572,0.045495360595347006,0.0206076130270957,0.19648991152644152,0.22644636780023575,0.255461573600769,0.3874064683914184
saturation,train,6714,0.2287134448605464,0.11155272472503636,0.0030579718295484,0.14991252124309531,0.21119429171085355,0.28631784021854395,0.9813366532325744
saturation,test,6714,0.22849532407894688,0.10868215580813251,0.0003818763652816,0.15247555077075958,0.21130014210939402,0.28520439565181727,0.8460836410522461
colorfulness,train,6714,0.1434747839030793,0.06865438070435906,0.0056376425035792,0.09411279716566913,0.1321469799824652,0.181194930787592,0.5705236686566582
colorfulness,test,6714,0.1432285547286686,0.06842422606136349,0.0024165867849593,0.09373861568106857,0.13172452997680006,0.18104464856736047,0.5733390291928533
entropy_bits,train,6714,7.381792913876867,0.4195108053021871,2.12307714253687,7.245469167614649,7.488873010298072,7.6463650255608835,7.957139660863673
entropy_bits,test,6714,7.389073680293238,0.4097207977355898,2.7252895650196947,7.256212356620847,7.490518620714832,7.653357718817161,7.93875852796899
edge_density,train,6714,0.13022788216848927,0.061168335699131,0.0011303344867358,0.08539677651165176,0.12275710122953731,0.16708836599006702,0.5354175236528178
edge_density,test,6714,0.1307184918611346,0.06228538966470325,2.053177291859152e-05,0.08506826814495425,0.12329981244778684,0.1676419258802997,0.5408684939944565
laplacian_variance,train,6714,0.0391244498881327,0.022135971687017607,0.0004301707958802,0.0238551651127636,0.0355014074593782,0.049966415390372276,0.3746771514415741
laplacian_variance,test,6714,0.03939950271005584,0.022908961964618436,0.0003039423027075,0.02398815518245095,0.035687293857336,0.05010345671325918,0.5879219770431519
question_chars,train,6714,31.831248138218648,10.243016202450855,12.0,25.0,30.0,38.0,107.0
question_chars,test,6714,31.73964849568067,10.223139119179066,10.0,25.0,30.0,38.0,102.0
question_tokens_ws,train,6714,7.873696753053322,2.5174172023844,3.0,6.0,8.0,9.0,22.0
question_tokens_ws,test,6714,7.85090854929997,2.5328986690719146,2.0,6.0,8.0,9.0,27.0
choice_chars_mean,train,6714,8.879319332737563,6.2756834835942845,1.0,4.75,7.0,11.25,76.75
choice_chars_mean,test,6714,8.844801906464104,5.937608958744165,1.0,4.75,7.0,11.5,62.0
choice_chars_max,train,6714,10.988531426869228,8.147622381541657,1.0,6.0,9.0,14.0,109.0
choice_chars_max,test,6714,10.94816800714924,7.572952828907534,1.0,6.0,9.0,14.0,71.0
choice_chars_total,train,6714,35.51727733095025,25.102733934377138,4.0,19.0,28.0,45.0,307.0
choice_chars_total,test,6714,35.37920762585642,23.75043583497666,4.0,19.0,28.0,46.0,248.0
choice_tokens_ws_mean,train,6714,2.088173964849568,1.4139858127171323,1.0,1.0,1.75,2.75,14.75
choice_tokens_ws_mean,test,6714,2.0796470062555854,1.3516626229128978,1.0,1.0,1.75,2.75,14.25
